﻿LEI,Entity.LegalName,Entity.RegistrationAuthority.RegistrationAuthorityEntityID,Registration.ValidationAuthority.ValidationAuthorityEntityID,Registration.OtherValidationAuthorities.OtherValidationAuthority.1.ValidationAuthorityEntityID,Entity.RegistrationAuthority.RegistrationAuthorityID,Registration.ManagingLOU,Entity.LegalJurisdiction,Entity.EntityStatus,Registration.RegistrationStatus,Registration.ValidationAuthority.ValidationAuthorityID,Registration.OtherValidationAuthorities.OtherValidationAuthority.1.ValidationAuthorityID,Entity.HeadquartersAddress.Country,Entity.LegalAddress.Country
LEI1,Entity Name 1,id11,id1_2,id11,RA1,LOU1,ES,ACTIVE,ISSUED,RA1,RA1,ES,ES
LEI2,Entity Name 2,id21,id22,id23,RA1,LOU2,ES,ACTIVE,ISSUED,RA1,RA1,ES,ES
LEI3,Entity Name 3,id31,id32,id33,RA1,LOU2,ES,ACTIVE,ISSUED,RA2,RA1,ES,ES
LEI4,Not matching name,id4-1,,id43,RA2,LOU1,ES,ACTIVE,ISSUED,RA1,RA1,ES,ES
LEI5,Entity Name 5,id51,id52,id53,RA2,LOU1,ES,ACTIVE,ISSUED,RA1,RA2,ES,ES
LEI6,Entity Name 6,id61,id62,id63,RA2,LOU1,ES,ACTIVE,LAPSED,RA1,RA2,ES,ES
LEI7,Entity Name 6, 00id71,,,RA1,LOU1,ES,ACTIVE,LAPSED,RA2,RA2,ES,ES